"#x_max, y_max, sigma_x, sigma_y"
123.71794871794872,117.3076923076923,23.4,30.86
